[
    {
        "name": "homework1.ipynb",
        "path": "K:\\\u041c\u043e\u0439 \u0434\u0438\u0441\u043a\\GeekBrains\\\u0417\u043d\u0430\u043a\u043e\u043c\u0441\u0442\u0432\u043e \u0441 \u044f\u0437\u044b\u043a\u0430\u043c\u0438 \u043f\u0440\u043e\u0433\u0440\u0430\u043c\u043c\u0438\u0440\u043e\u0432\u0430\u043d\u0438\u044f\\Python\\Python_Immersion\\homework1.ipynb",
        "type": "File",
        "size": 9705,
        "parent_dir": ".."
    },
    {
        "name": "homework2.ipynb",
        "path": "K:\\\u041c\u043e\u0439 \u0434\u0438\u0441\u043a\\GeekBrains\\\u0417\u043d\u0430\u043a\u043e\u043c\u0441\u0442\u0432\u043e \u0441 \u044f\u0437\u044b\u043a\u0430\u043c\u0438 \u043f\u0440\u043e\u0433\u0440\u0430\u043c\u043c\u0438\u0440\u043e\u0432\u0430\u043d\u0438\u044f\\Python\\Python_Immersion\\homework2.ipynb",
        "type": "File",
        "size": 5076,
        "parent_dir": ".."
    },
    {
        "name": ".git",
        "path": "K:\\\u041c\u043e\u0439 \u0434\u0438\u0441\u043a\\GeekBrains\\\u0417\u043d\u0430\u043a\u043e\u043c\u0441\u0442\u0432\u043e \u0441 \u044f\u0437\u044b\u043a\u0430\u043c\u0438 \u043f\u0440\u043e\u0433\u0440\u0430\u043c\u043c\u0438\u0440\u043e\u0432\u0430\u043d\u0438\u044f\\Python\\Python_Immersion\\.git",
        "type": "Dir",
        "size": 3271,
        "parent_dir": ".."
    },
    {
        "name": ".gitignore",
        "path": "K:\\\u041c\u043e\u0439 \u0434\u0438\u0441\u043a\\GeekBrains\\\u0417\u043d\u0430\u043a\u043e\u043c\u0441\u0442\u0432\u043e \u0441 \u044f\u0437\u044b\u043a\u0430\u043c\u0438 \u043f\u0440\u043e\u0433\u0440\u0430\u043c\u043c\u0438\u0440\u043e\u0432\u0430\u043d\u0438\u044f\\Python\\Python_Immersion\\.gitignore",
        "type": "File",
        "size": 7258,
        "parent_dir": ".."
    },
    {
        "name": "README.md",
        "path": "K:\\\u041c\u043e\u0439 \u0434\u0438\u0441\u043a\\GeekBrains\\\u0417\u043d\u0430\u043a\u043e\u043c\u0441\u0442\u0432\u043e \u0441 \u044f\u0437\u044b\u043a\u0430\u043c\u0438 \u043f\u0440\u043e\u0433\u0440\u0430\u043c\u043c\u0438\u0440\u043e\u0432\u0430\u043d\u0438\u044f\\Python\\Python_Immersion\\README.md",
        "type": "File",
        "size": 21,
        "parent_dir": ".."
    },
    {
        "name": ".gitattributes",
        "path": "K:\\\u041c\u043e\u0439 \u0434\u0438\u0441\u043a\\GeekBrains\\\u0417\u043d\u0430\u043a\u043e\u043c\u0441\u0442\u0432\u043e \u0441 \u044f\u0437\u044b\u043a\u0430\u043c\u0438 \u043f\u0440\u043e\u0433\u0440\u0430\u043c\u043c\u0438\u0440\u043e\u0432\u0430\u043d\u0438\u044f\\Python\\Python_Immersion\\.gitattributes",
        "type": "File",
        "size": 66,
        "parent_dir": ".."
    },
    {
        "name": "homework3.ipynb",
        "path": "K:\\\u041c\u043e\u0439 \u0434\u0438\u0441\u043a\\GeekBrains\\\u0417\u043d\u0430\u043a\u043e\u043c\u0441\u0442\u0432\u043e \u0441 \u044f\u0437\u044b\u043a\u0430\u043c\u0438 \u043f\u0440\u043e\u0433\u0440\u0430\u043c\u043c\u0438\u0440\u043e\u0432\u0430\u043d\u0438\u044f\\Python\\Python_Immersion\\homework3.ipynb",
        "type": "File",
        "size": 10920,
        "parent_dir": ".."
    },
    {
        "name": "seminar2.py",
        "path": "K:\\\u041c\u043e\u0439 \u0434\u0438\u0441\u043a\\GeekBrains\\\u0417\u043d\u0430\u043a\u043e\u043c\u0441\u0442\u0432\u043e \u0441 \u044f\u0437\u044b\u043a\u0430\u043c\u0438 \u043f\u0440\u043e\u0433\u0440\u0430\u043c\u043c\u0438\u0440\u043e\u0432\u0430\u043d\u0438\u044f\\Python\\Python_Immersion\\seminar2.py",
        "type": "File",
        "size": 3488,
        "parent_dir": ".."
    },
    {
        "name": "homework4.ipynb",
        "path": "K:\\\u041c\u043e\u0439 \u0434\u0438\u0441\u043a\\GeekBrains\\\u0417\u043d\u0430\u043a\u043e\u043c\u0441\u0442\u0432\u043e \u0441 \u044f\u0437\u044b\u043a\u0430\u043c\u0438 \u043f\u0440\u043e\u0433\u0440\u0430\u043c\u043c\u0438\u0440\u043e\u0432\u0430\u043d\u0438\u044f\\Python\\Python_Immersion\\homework4.ipynb",
        "type": "File",
        "size": 11634,
        "parent_dir": ".."
    },
    {
        "name": "homework5.ipynb",
        "path": "K:\\\u041c\u043e\u0439 \u0434\u0438\u0441\u043a\\GeekBrains\\\u0417\u043d\u0430\u043a\u043e\u043c\u0441\u0442\u0432\u043e \u0441 \u044f\u0437\u044b\u043a\u0430\u043c\u0438 \u043f\u0440\u043e\u0433\u0440\u0430\u043c\u043c\u0438\u0440\u043e\u0432\u0430\u043d\u0438\u044f\\Python\\Python_Immersion\\homework5.ipynb",
        "type": "File",
        "size": 6655,
        "parent_dir": ".."
    },
    {
        "name": ".ipynb_checkpoints",
        "path": "K:\\\u041c\u043e\u0439 \u0434\u0438\u0441\u043a\\GeekBrains\\\u0417\u043d\u0430\u043a\u043e\u043c\u0441\u0442\u0432\u043e \u0441 \u044f\u0437\u044b\u043a\u0430\u043c\u0438 \u043f\u0440\u043e\u0433\u0440\u0430\u043c\u043c\u0438\u0440\u043e\u0432\u0430\u043d\u0438\u044f\\Python\\Python_Immersion\\.ipynb_checkpoints",
        "type": "Dir",
        "size": 0,
        "parent_dir": ".."
    },
    {
        "name": "homework6",
        "path": "K:\\\u041c\u043e\u0439 \u0434\u0438\u0441\u043a\\GeekBrains\\\u0417\u043d\u0430\u043a\u043e\u043c\u0441\u0442\u0432\u043e \u0441 \u044f\u0437\u044b\u043a\u0430\u043c\u0438 \u043f\u0440\u043e\u0433\u0440\u0430\u043c\u043c\u0438\u0440\u043e\u0432\u0430\u043d\u0438\u044f\\Python\\Python_Immersion\\homework6",
        "type": "Dir",
        "size": 6480,
        "parent_dir": ".."
    },
    {
        "name": "homework6.zip",
        "path": "K:\\\u041c\u043e\u0439 \u0434\u0438\u0441\u043a\\GeekBrains\\\u0417\u043d\u0430\u043a\u043e\u043c\u0441\u0442\u0432\u043e \u0441 \u044f\u0437\u044b\u043a\u0430\u043c\u0438 \u043f\u0440\u043e\u0433\u0440\u0430\u043c\u043c\u0438\u0440\u043e\u0432\u0430\u043d\u0438\u044f\\Python\\Python_Immersion\\homework6.zip",
        "type": "File",
        "size": 3794,
        "parent_dir": ".."
    },
    {
        "name": "homework7",
        "path": "K:\\\u041c\u043e\u0439 \u0434\u0438\u0441\u043a\\GeekBrains\\\u0417\u043d\u0430\u043a\u043e\u043c\u0441\u0442\u0432\u043e \u0441 \u044f\u0437\u044b\u043a\u0430\u043c\u0438 \u043f\u0440\u043e\u0433\u0440\u0430\u043c\u043c\u0438\u0440\u043e\u0432\u0430\u043d\u0438\u044f\\Python\\Python_Immersion\\homework7",
        "type": "Dir",
        "size": 13702,
        "parent_dir": ".."
    },
    {
        "name": "proba7.ipynb",
        "path": "K:\\\u041c\u043e\u0439 \u0434\u0438\u0441\u043a\\GeekBrains\\\u0417\u043d\u0430\u043a\u043e\u043c\u0441\u0442\u0432\u043e \u0441 \u044f\u0437\u044b\u043a\u0430\u043c\u0438 \u043f\u0440\u043e\u0433\u0440\u0430\u043c\u043c\u0438\u0440\u043e\u0432\u0430\u043d\u0438\u044f\\Python\\Python_Immersion\\proba7.ipynb",
        "type": "File",
        "size": 6781,
        "parent_dir": ".."
    },
    {
        "name": "homework7.zip",
        "path": "K:\\\u041c\u043e\u0439 \u0434\u0438\u0441\u043a\\GeekBrains\\\u0417\u043d\u0430\u043a\u043e\u043c\u0441\u0442\u0432\u043e \u0441 \u044f\u0437\u044b\u043a\u0430\u043c\u0438 \u043f\u0440\u043e\u0433\u0440\u0430\u043c\u043c\u0438\u0440\u043e\u0432\u0430\u043d\u0438\u044f\\Python\\Python_Immersion\\homework7.zip",
        "type": "File",
        "size": 7989,
        "parent_dir": ".."
    },
    {
        "name": "homework8",
        "path": "K:\\\u041c\u043e\u0439 \u0434\u0438\u0441\u043a\\GeekBrains\\\u0417\u043d\u0430\u043a\u043e\u043c\u0441\u0442\u0432\u043e \u0441 \u044f\u0437\u044b\u043a\u0430\u043c\u0438 \u043f\u0440\u043e\u0433\u0440\u0430\u043c\u043c\u0438\u0440\u043e\u0432\u0430\u043d\u0438\u044f\\Python\\Python_Immersion\\homework8",
        "type": "Dir",
        "size": 26582,
        "parent_dir": ".."
    },
    {
        "name": "proba8.ipynb",
        "path": "K:\\\u041c\u043e\u0439 \u0434\u0438\u0441\u043a\\GeekBrains\\\u0417\u043d\u0430\u043a\u043e\u043c\u0441\u0442\u0432\u043e \u0441 \u044f\u0437\u044b\u043a\u0430\u043c\u0438 \u043f\u0440\u043e\u0433\u0440\u0430\u043c\u043c\u0438\u0440\u043e\u0432\u0430\u043d\u0438\u044f\\Python\\Python_Immersion\\proba8.ipynb",
        "type": "File",
        "size": 17068,
        "parent_dir": ".."
    }
]